{
  "oauth": {
    "client_id": "905682575538-km9485p7ria6e3u1hddcpjvd1q4ojm6n.apps.googleusercontent.com",
    "client_secret": "21lv5m2fMQx1scX3SRgJj2C1",
    "redirect_uris": [
      "http://localhost"
    ]
  },
  "sheets": {
    "token": {
      "access_token": "ya29.GlvmBkq-YqhxekqhvxizyF8nxg4rqqOOBNbJ3wTc8reHyfxcHiun0oTkbQIf6rTr-e8x4IK2W0GNonGIo3K4g1bf8HlB2jaJ0M5DI87TNBebhgDdzN2aCQdFP1Si",
      "refresh_token": "1/4_8xA1HLwqSQu8A2i1HO8CTjBk9-3s1aE3b4y_JWD5Q",
      "scope": "https://www.googleapis.com/auth/spreadsheets",
      "token_type": "Bearer",
      "expiry_date": 1554775554749
    }
  },
  "calendar": {
    "token": {
      "access_token": "ya29.GlvmBttNpYfdu6tSpkzhFxXN1ufW7FcKfvTz_uDk0Qg2wqrYVdnSA0Qvhu5RccdWWKtA0nrrzKU729HwJ3NtNwbHw7NzAP8oe0TwpgP8PO4tX91z9xLPr5OP2uJj",
      "refresh_token": "1/7YJBo_mw9uyN8uQ60SKw52NOLsB9VEPCfM2RcNIeR8k",
      "scope": "https://www.googleapis.com/auth/calendar.readonly",
      "token_type": "Bearer",
      "expiry_date": 1554775640874
    }
  },
  "gmail": {
    "token": {
      "access_token": "ya29.GlvmBuSS6fCLh8MhnliuFB-FaJgef-6HtexBls4_gB39RoPaa2MnFOyX-cR17_VJM0o9qFn_c8VrZWZbIPsf0XRiFb-GAZzpWSC3U-V51OxZAqiy0u1a6e66Gx5W",
      "refresh_token": "1/SOM_sR3EzrF_b07I9HmbBo_pUfEuwZIKCyx2-g2ppEE",
      "scope": "https://www.googleapis.com/auth/gmail.send",
      "token_type": "Bearer",
      "expiry_date": 1554775748955
    }
  }
}
