{
  "oauth": {
    "client_id": "905682575538-1genicrdl823llflusnukhk6bu4jqvoe.apps.googleusercontent.com",
    "client_secret": "SriZ-NO1dDcRb4uKCp3TX_la",
    "redirect_uris": [
      "http://localhost"
    ]
  },
  "sheets": {
    "token": {
      "access_token": "ya29.GlvmBpmrIrN8IOqibrry_R1hKqiZPCRvPUROqRO2I9J9NznO99QTgjnH9k1-IVCbOdgFUyzP3jwm31rqfI4XxuPgJ17lyDhL_qBYnRIsk0I2Y9ybOaiehsDk8Fj2",
      "refresh_token": "1/cNrMQTvzp_1CWoBfDEP4fhH1lxceK0wvlU7tvWP0A14g0Y_du9WG5mS8IAl6qaLg",
      "scope": "https://www.googleapis.com/auth/spreadsheets",
      "token_type": "Bearer",
      "expiry_date": 1554773437319
   }
  },
  "calendar": {
    "token": {
      "access_token": "ya29.GlvmBmVZLCXez-lEmW2i3AnV1UPRreJdcfofsQPb8ZUo6nsoqAnI5qd1XbzZt0jh_xxELCgGwYjfCDi2GVDwqeRYn_HvZ1sQQW8atVbi9Yd0ehEmPrXckvcjLoSa",
      "refresh_token": "1/Or23P-lwoOSUsZnHvxHIcnkIxdHMvtsmqQMrpMm9drk", 
      "scope": "https://www.googleapis.com/auth/calendar.readonly",
      "token_type": "Bearer",
      "expiry_date": 1554773588354
    }
  },
  "gmail": {
    "token": {
      "access_token": "ya29.GlvmBnK4qoEHYKt0pYm7jnieZbNsQGNPqbGXtVA5PkQU_zX7_V01bdsGFVRmhkvqeZAtyFo7H0LLhgILR2XUln1khN-HE6ZLTqG3n1tk5kuz6z9A79clvvUpT_Wa",
      "refresh_token": "1/hky8qxBHR6F2Rnvdo-kVwDsWGJRhSJqsYGW_BAiEPTQ",
      "scope": "https://www.googleapis.com/auth/gmail.send",
      "token_type": "Bearer",
      "expiry_date": 1554774225690
    }
  }
}
